Algorithm,Accuracy_BOW,Accuracy_TF-IDF,Recall_BOW,Recall_TF-IDF,Precision_BOW,Precision_TF-IDF,F-measure_BOW,F-measure_TF-IDF
MLP,97.84946236559139,97.84946236559139,84.0,84.0,100.0,100.0,91.30434782608697,91.30434782608697
MLP-scaled,----------,97.31182795698925,----------,81.33333333333333,----------,98.38709677419355,----------,89.05109489051095
MLP-SCA,97.78708133971293,94.4377990430622,85.26785714285714,87.05357142857143,97.94871794871794,75.2895752895753,91.16945107398568,80.74534161490683
KNN,87.73923444976076,94.79665071770334,8.482142857142858,61.16071428571429,100.0,100.0,15.637860082304528,75.90027700831025
KNN-SCA,88.45693779904306,86.8421052631579,13.839285714285715,1.7857142857142856,100.0,100.0,24.313725490196077,3.508771929824561
SVM,97.84688995215312,98.38516746411483,83.92857142857143,89.28571428571429,100.0,98.52216748768473,91.26213592233009,93.6768149882904
SVM-SCA,97.06937799043062,89.83253588516746,81.69642857142857,24.553571428571427,95.81151832460732,98.21428571428571,88.19277108433735,39.285714285714285
R.forest,97.54784688995215,97.36842105263158,81.69642857142857,81.69642857142857,100.0,98.38709677419355,89.92628992628993,89.26829268292684
R.forest-SCA,96.83014354066985,96.65071770334929,79.46428571428571,77.23214285714286,96.21621621621622,97.19101123595506,87.04156479217603,86.06965174129354
