Algorithm,Accuracy_BOW,Accuracy_TF-IDF,Recall_BOW,Recall_TF-IDF,Precision_BOW,Precision_TF-IDF,F-measure_BOW,F-measure_TF-IDF
MLP,98.02867383512545,97.84946236559139,85.33333333333334,84.0,100.0,100.0,92.0863309352518,92.0863309352518
MLP-scaled,----------,97.67025089605734,----------,84.0,----------,98.4375,----------,90.64748201438849
MLP-SCA,97.96650717703349,95.81339712918661,85.26785714285714,75.89285714285714,99.47916666666666,91.39784946236558,91.82692307692307,82.92682926829268
KNN,87.73923444976076,94.79665071770334,8.482142857142858,61.16071428571429,100.0,100.0,15.637860082304528,75.90027700831025
KNN-SCA,88.0980861244019,87.26076555023924,11.160714285714286,4.910714285714286,100.0,100.0,20.080321285140563,9.361702127659575
SVM,97.84688995215312,98.38516746411483,83.92857142857143,89.28571428571429,100.0,98.52216748768473,91.26213592233009,93.6768149882904
SVM-SCA,97.30861244019138,89.65311004784688,81.69642857142857,22.767857142857142,97.86096256684492,100.0,89.05109489051095,37.09090909090909
R.forest,97.66746411483254,97.54784688995215,82.58928571428571,81.69642857142857,100.0,100.0,90.4645476772616,89.92628992628993
R.forest-SCA,96.47129186602871,97.24880382775119,75.44642857142857,82.58928571428571,97.6878612716763,96.35416666666666,85.13853904282115,88.9423076923077
