Algorithm,Accuracy      BOW,Accuracy   TF-IDF,Recall        BOW,Recall     TF-IDF,Precision     BOW,Precision  TF-IDF,F-measure     BOW,F-measure  TF-IDF
MLP-SCA,98.32535885167464,93.54066985645933,88.83928571428571,88.83928571428571,98.51485148514851,70.56737588652481,93.42723004694835,78.65612648221344
KNN-SCA,87.5,86.72248803827752,6.696428571428571,0.8928571428571428,100.0,100.0,12.552301255230125,1.7699115044247788
SVM-SCA,98.08612440191388,90.13157894736842,86.60714285714286,26.339285714285715,98.9795918367347,100.0,92.38095238095238,41.696113074204945
R.forest-SCA,97.06937799043062,96.77033492822966,79.46428571428571,83.03571428571429,98.34254143646409,92.07920792079209,87.90123456790123,87.32394366197184
"Vot (SVM,KNN,RF)",97.188995215311,97.72727272727273,79.01785714285714,83.03571428571429,100.0,100.0,88.2793017456359,90.73170731707317
Bagging,93.42105263157895,93.77990430622009,87.94642857142857,86.60714285714286,70.35714285714286,72.38805970149254,78.17460317460318,78.86178861788618
Complex-MLP,98.08612440191388,97.48803827751196,85.96491228070175,82.01754385964912,100.0,99.46808510638297,92.45283018867924,89.90384615384616
